SI_dropout,SI_exp_kernel,SI_gen_fill,SI_gen_hidden_dim,SI_gen_neck,SI_layer_norm,SI_normalize,SI_pad_mode,batch_size,gen_lr,num_params,MSE,SSIM
0.0,3.0,0.0,20.0,medium,none,0.0,replicate,128.0,0.0003173325392893,236741.0,360.4572823245544,0.0613723375827248
0.0,3.0,1.0,15.0,narrow,instance,0.0,zeros,256.0,0.0007816928391603,3759023.0,209.381786942482,0.4384919996468852
0.0,4.0,0.0,11.0,wide,none,0.0,replicate,128.0,0.008926061887074843,2025949.0,279.15542337298393,0.19483266251700115
