{"trial_data": [["{\n  \"stub\": false,\n  \"trainable_name\": \"run_trainable\",\n  \"trial_id\": \"bdcd2ec6\",\n  \"storage\": {\n    \"_type\": \"CLOUDPICKLE_FALLBACK\",\n    \"value\": \"800595cc020000000000008c1b7261792e747261696e2e5f696e7465726e616c2e73746f72616765948c0e53746f72616765436f6e746578749493942981947d94288c12637573746f6d5f66735f70726f766964656494898c136578706572696d656e745f6469725f6e616d65948c2e7365617263682d4143542d3235362d62696c696e6561722d7769646550616453696e6f732d74756e65645353494d948c0e747269616c5f6469725f6e616d65948c0e747269616c5f6264636432656336948c1863757272656e745f636865636b706f696e745f696e646578944affffffff8c0b73796e635f636f6e666967948c097261792e747261696e948c0a53796e63436f6e6669679493942981947d94288c0b73796e635f706572696f64944d2c018c0c73796e635f74696d656f7574944d08078c0e73796e635f61727469666163747394898c1c73796e635f6172746966616374735f6f6e5f636865636b706f696e74948875628c1273746f726167655f66696c6573797374656d948c0b70796172726f772e5f6673948c1446696c6553797374656d2e5f66726f6d5f7572699493948c0966696c653a2f2f2f5f94859452948c0f73746f726167655f66735f70617468948c55433a2f55736572732f5065746572204c696e647374726f6d2f4465736b746f702f466c6578434e4e5f666f725f4d65646963616c5f506879736963732f70726f6a6563742f776f726b696e672f7365617263686573948c0673796e6365729468008c115f46696c6573797374656d53796e6365729493942981947d94286815681b68114d2c0168124d08078c116c6173745f73796e635f75705f74696d659447fff00000000000008c136c6173745f73796e635f646f776e5f74696d659447fff00000000000008c0d5f73796e635f70726f63657373944e8c0c5f63757272656e745f636d64944e75628c0a5f74696d657374616d70948c13323032362d30322d30355f32322d30372d34399475622e\"\n  },\n  \"config\": {\n    \"SI_gen_mult\": 2.5719952087394016,\n    \"SI_gen_fill\": 0,\n    \"SI_gen_neck\": \"narrow\",\n    \"SI_gen_z_dim\": 690,\n    \"SI_pad_mode\": \"zeros\",\n    \"SI_dropout\": true,\n    \"SI_exp_kernel\": 3,\n    \"SI_gen_hidden_dim\": 13,\n    \"SI_skip_mode\": \"conv\",\n    \"SI_stats_criterion\": -1,\n    \"SI_alpha_min\": -1,\n    \"SI_half_life_examples\": -1,\n    \"SI_disc_hidden_dim\": 1,\n    \"SI_disc_patchGAN\": 1,\n    \"SI_disc_lr\": 1,\n    \"SI_disc_b1\": 1,\n    \"SI_disc_b2\": 1,\n    \"SI_disc_adv_criterion\": 1,\n    \"SI_normalize\": false,\n    \"SI_fixedScale\": 1,\n    \"SI_learnedScale_init\": 14.294267028486905,\n    \"SI_output_scale_lr_mult\": 2.6851473738361995,\n    \"SI_layer_norm\": \"group\",\n    \"SI_gen_final_activ\": \"ELU\",\n    \"batch_base2_exponent\": 7,\n    \"gen_lr\": 0.00033262452894669347,\n    \"gen_b1\": 0.2855467633228553,\n    \"gen_b2\": 0.40359663810443525,\n    \"sup_base_criterion\": \"L1Loss\",\n    \"IS_disc_hidden_dim\": 1,\n    \"IS_disc_patchGAN\": 1,\n    \"IS_disc_lr\": 1,\n    \"IS_disc_b1\": 1,\n    \"IS_disc_b2\": 1,\n    \"IS_disc_adv_criterion\": 1,\n    \"network_type\": \"ACT\",\n    \"train_SI\": true,\n    \"gen_image_size\": 180,\n    \"gen_sino_size\": 256,\n    \"gen_image_channels\": 1,\n    \"gen_sino_channels\": 3\n  },\n  \"_Trial__unresolved_config\": {\n    \"SI_gen_mult\": 2.5719952087394016,\n    \"SI_gen_fill\": 0,\n    \"SI_gen_neck\": \"narrow\",\n    \"SI_gen_z_dim\": 690,\n    \"SI_pad_mode\": \"zeros\",\n    \"SI_dropout\": true,\n    \"SI_exp_kernel\": 3,\n    \"SI_gen_hidden_dim\": 13,\n    \"SI_skip_mode\": \"conv\",\n    \"SI_stats_criterion\": -1,\n    \"SI_alpha_min\": -1,\n    \"SI_half_life_examples\": -1,\n    \"SI_disc_hidden_dim\": 1,\n    \"SI_disc_patchGAN\": 1,\n    \"SI_disc_lr\": 1,\n    \"SI_disc_b1\": 1,\n    \"SI_disc_b2\": 1,\n    \"SI_disc_adv_criterion\": 1,\n    \"SI_normalize\": false,\n    \"SI_fixedScale\": 1,\n    \"SI_learnedScale_init\": 14.294267028486905,\n    \"SI_output_scale_lr_mult\": 2.6851473738361995,\n    \"SI_layer_norm\": \"group\",\n    \"SI_gen_final_activ\": \"ELU\",\n    \"batch_base2_exponent\": 7,\n    \"gen_lr\": 0.00033262452894669347,\n    \"gen_b1\": 0.2855467633228553,\n    \"gen_b2\": 0.40359663810443525,\n    \"sup_base_criterion\": \"L1Loss\",\n    \"IS_disc_hidden_dim\": 1,\n    \"IS_disc_patchGAN\": 1,\n    \"IS_disc_lr\": 1,\n    \"IS_disc_b1\": 1,\n    \"IS_disc_b2\": 1,\n    \"IS_disc_adv_criterion\": 1,\n    \"network_type\": \"ACT\",\n    \"train_SI\": true,\n    \"gen_image_size\": 180,\n    \"gen_sino_size\": 256,\n    \"gen_image_channels\": 1,\n    \"gen_sino_channels\": 3\n  },\n  \"evaluated_params\": {\n    \"SI_gen_mult\": 2.5719952087394016,\n    \"SI_gen_fill\": 0,\n    \"SI_gen_neck\": \"narrow\",\n    \"SI_gen_z_dim\": 690,\n    \"SI_pad_mode\": \"zeros\",\n    \"SI_dropout\": true,\n    \"SI_exp_kernel\": 3,\n    \"SI_gen_hidden_dim\": 13,\n    \"SI_skip_mode\": \"conv\",\n    \"SI_learnedScale_init\": 14.294267028486905,\n    \"SI_output_scale_lr_mult\": 2.6851473738361995,\n    \"SI_layer_norm\": \"group\",\n    \"SI_gen_final_activ\": \"ELU\",\n    \"batch_base2_exponent\": 7,\n    \"gen_lr\": 0.00033262452894669347,\n    \"gen_b1\": 0.2855467633228553,\n    \"gen_b2\": 0.40359663810443525,\n    \"sup_base_criterion\": \"L1Loss\"\n  },\n  \"experiment_tag\": \"1_IS_disc_adv_criterion=1,IS_disc_b1=1,IS_disc_b2=1,IS_disc_hidden_dim=1,IS_disc_lr=1,IS_disc_patchGAN=1,SI_alpha_min=-1,SI_disc_adv_criterion=1,SI_disc_b1=1,SI_disc_b2=1,SI_disc_hidden_dim=1,SI_disc_lr=1,SI_disc_patchGAN=1,SI_dropout=True,SI_exp_kernel=3,SI_fixedScale=1,SI_gen_fill=0,SI_gen_final_activ=ELU,SI_gen_hidden_dim=13,SI_gen_mult=2.5720,SI_gen_neck=narrow,SI_gen_z_dim=690,SI_half_life_examples=-1,SI_layer_norm=group,SI_learnedScale_init=14.2943,SI_normalize=False,SI_output_scale_lr_mult=2.6851,SI_pad_mode=zeros,SI_skip_mode=conv,SI_stats_criterion=-1,batch_base2_exponent=7,gen_b1=0.2855,gen_b2=0.4036,gen_image_channels=1,gen_image_size=180,gen_lr=0.0003,gen_sino_channels=3,gen_sino_size=256,network_type=ACT,sup_base_criterion=L1Loss,train_SI=True\",\n  \"stopping_criterion\": {},\n  \"_setup_default_resource\": true,\n  \"_default_placement_group_factory\": \"80054e2e\",\n  \"placement_group_factory\": \"800595ba000000000000008c237261792e74756e652e657865637574696f6e2e706c6163656d656e745f67726f757073948c15506c6163656d656e7447726f7570466163746f72799493942981947d94288c085f62756e646c6573945d947d94288c03435055944740000000000000008c0347505594473ff000000000000075618c155f686561645f62756e646c655f69735f656d70747994898c095f7374726174656779948c045041434b948c055f6172677394298c075f6b7761726773947d9475622e\",\n  \"log_to_file\": [\n    null,\n    null\n  ],\n  \"max_failures\": 0,\n  \"_default_result_or_future\": null,\n  \"export_formats\": [],\n  \"status\": \"PENDING\",\n  \"relative_logdir\": \"trial_bdcd2ec6\",\n  \"trial_name_creator\": null,\n  \"trial_dirname_creator\": {\n    \"_type\": \"CLOUDPICKLE_FALLBACK\",\n    \"value\": \"80059559000000000000008c3d466c6578434e4e5f666f725f4d65646963616c5f506879736963732e66756e6374696f6e732e6d61696e5f72756e5f66756e6374696f6e732e74756e65948c1373686f72745f747269616c5f6469726e616d659493942e\"\n  },\n  \"custom_trial_name\": null,\n  \"custom_dirname\": \"trial_bdcd2ec6\",\n  \"restore_path\": null,\n  \"_restore_checkpoint_result\": null,\n  \"_state_json\": null,\n  \"results\": \"80054e2e\",\n  \"extra_arg\": \"80054e2e\",\n  \"_resources\": \"80054e2e\"\n}", "{\n  \"start_time\": null,\n  \"num_failures\": 0,\n  \"num_failures_after_restore\": 0,\n  \"error_filename\": null,\n  \"pickled_error_filename\": null,\n  \"last_result\": {},\n  \"last_result_time\": -Infinity,\n  \"metric_analysis\": {},\n  \"_n_steps\": [\n    5,\n    10\n  ],\n  \"metric_n_steps\": {},\n  \"checkpoint_manager\": {\n    \"_type\": \"CLOUDPICKLE_FALLBACK\",\n    \"value\": 