{"trial_data": [["{\n  \"stub\": false,\n  \"trainable_name\": \"run_trainable\",\n  \"trial_id\": \"74a13_00000\",\n  \"storage\": {\n    \"_type\": \"CLOUDPICKLE_FALLBACK\",\n    \"value\": \"800595a2020000000000008c1b7261792e747261696e2e5f696e7465726e616c2e73746f72616765948c0e53746f72616765436f6e746578749493942981947d94288c12637573746f6d5f66735f70726f766964656494898c136578706572696d656e745f6469725f6e616d65948c0474656d70948c0e747269616c5f6469725f6e616d65948c0e747269616c5f31335f3030303030948c1863757272656e745f636865636b706f696e745f696e646578944affffffff8c0b73796e635f636f6e666967948c097261792e747261696e948c0a53796e63436f6e6669679493942981947d94288c0b73796e635f706572696f64944d2c018c0c73796e635f74696d656f7574944d08078c0e73796e635f61727469666163747394898c1c73796e635f6172746966616374735f6f6e5f636865636b706f696e74948875628c1273746f726167655f66696c6573797374656d948c0b70796172726f772e5f6673948c1446696c6553797374656d2e5f66726f6d5f7572699493948c0966696c653a2f2f2f5f94859452948c0f73746f726167655f66735f70617468948c55433a2f55736572732f5065746572204c696e647374726f6d2f4465736b746f702f466c6578434e4e5f666f725f4d65646963616c5f506879736963732f70726f6a6563742f776f726b696e672f7365617263686573948c0673796e6365729468008c115f46696c6573797374656d53796e6365729493942981947d94286815681b68114d2c0168124d08078c116c6173745f73796e635f75705f74696d659447fff00000000000008c136c6173745f73796e635f646f776e5f74696d659447fff00000000000008c0d5f73796e635f70726f63657373944e8c0c5f63757272656e745f636d64944e75628c0a5f74696d657374616d70948c13323032362d30322d32325f32302d30302d34309475622e\"\n  },\n  \"config\": {\n    \"SI_dropout\": false,\n    \"SI_exp_kernel\": 3,\n    \"SI_fixedScale\": 1,\n    \"SI_gen_fill\": 0,\n    \"SI_gen_final_activ\": null,\n    \"SI_gen_hidden_dim\": 15,\n    \"SI_gen_mult\": 3.3144387875060906,\n    \"SI_gen_neck\": \"medium\",\n    \"SI_gen_z_dim\": 1835,\n    \"SI_layer_norm\": \"group\",\n    \"SI_learnedScale_init\": 18.411171440894215,\n    \"SI_normalize\": false,\n    \"SI_output_scale_lr_mult\": 1.7607516297239543,\n    \"SI_pad_mode\": \"zeros\",\n    \"SI_skip_mode\": \"none\",\n    \"sup_base_criterion\": \"MSELoss\",\n    \"SI_stats_criterion\": -1,\n    \"SI_moment_1_fraction\": -1,\n    \"SI_alpha_min\": -1,\n    \"SI_half_life_examples\": -1,\n    \"batch_base2_exponent\": 6,\n    \"gen_b1\": 0.17828464968859092,\n    \"gen_b2\": 0.22254220083596676,\n    \"gen_image_channels\": 1,\n    \"gen_image_size\": 180,\n    \"gen_lr\": 0.00011584402663085701,\n    \"gen_sino_channels\": 3,\n    \"gen_sino_size\": 256,\n    \"network_type\": \"ACT\",\n    \"train_SI\": true\n  },\n  \"_Trial__unresolved_config\": {\n    \"SI_dropout\": false,\n    \"SI_exp_kernel\": 3,\n    \"SI_fixedScale\": 1,\n    \"SI_gen_fill\": 0,\n    \"SI_gen_final_activ\": null,\n    \"SI_gen_hidden_dim\": 15,\n    \"SI_gen_mult\": 3.3144387875060906,\n    \"SI_gen_neck\": \"medium\",\n    \"SI_gen_z_dim\": 1835,\n    \"SI_layer_norm\": \"group\",\n    \"SI_learnedScale_init\": 18.411171440894215,\n    \"SI_normalize\": false,\n    \"SI_output_scale_lr_mult\": 1.7607516297239543,\n    \"SI_pad_mode\": \"zeros\",\n    \"SI_skip_mode\": \"none\",\n    \"sup_base_criterion\": \"MSELoss\",\n    \"SI_stats_criterion\": -1,\n    \"SI_moment_1_fraction\": -1,\n    \"SI_alpha_min\": -1,\n    \"SI_half_life_examples\": -1,\n    \"batch_base2_exponent\": 6,\n    \"gen_b1\": 0.17828464968859092,\n    \"gen_b2\": 0.22254220083596676,\n    \"gen_image_channels\": 1,\n    \"gen_image_size\": 180,\n    \"gen_lr\": 0.00011584402663085701,\n    \"gen_sino_channels\": 3,\n    \"gen_sino_size\": 256,\n    \"network_type\": \"ACT\",\n    \"train_SI\": true\n  },\n  \"evaluated_params\": {},\n  \"experiment_tag\": \"0\",\n  \"stopping_criterion\": {},\n  \"_setup_default_resource\": true,\n  \"_default_placement_group_factory\": \"80054e2e\",\n  \"placement_group_factory\": \"800595ba000000000000008c237261792e74756e652e657865637574696f6e2e706c6163656d656e745f67726f757073948c15506c6163656d656e7447726f7570466163746f72799493942981947d94288c085f62756e646c6573945d947d94288c03435055944740000000000000008c0347505594473ff000000000000075618c155f686561645f62756e646c655f69735f656d70747994898c095f7374726174656779948c045041434b948c055f6172677394298c075f6b7761726773947d9475622e\",\n  \"log_to_file\": [\n    null,\n    null\n  ],\n  \"max_failures\": 0,\n  \"_default_result_or_future\": null,\n  \"export_formats\": [],\n  \"status\": \"TERMINATED\",\n  \"relative_logdir\": \"trial_13_00000\",\n  \"trial_name_creator\": null,\n  \"trial_dirname_creator\": {\n    \"_type\": \"CLOUDPICKLE_FALLBACK\",\n    \"value\": \"80059559000000000000008c3d466c6578434e4e5f666f725f4d65646963616c5f506879736963732e66756e6374696f6e732e6d61696e5f72756e5f66756e6374696f6e732e74756e65948c1373686f72745f747269616c5f6469726e616d659493942e\"\n  },\n  \"custom_trial_name\": null,\n  \"custom_dirname\": \"trial_13_00000\",\n  \"restore_path\": null,\n  \"_restore_checkpoint_result\": null,\n  \"_state_json\": null,\n  \"results\": \"80054e2e\",\n  \"extra_arg\": \"80054e2e\",\n  \"_resources\": \"80054e2e\"\n}", "{\n  \"start_time\": 1771812050.046562,\n  \"num_failures\": 0,\n  \"num_failures_after_restore\": 0,\n  \"error_filename\": null,\n  \"pickled_error_filename\": null,\n  \"last_result\": {\n    \"CUSTOM\": 2004.451171875,\n    \"example_num\": 2304,\n    \"batch_step\": 36,\n    \"epoch\": 0,\n    \"timestamp\": 1771812063,\n    \"checkpoint_dir_name\": null,\n    \"done\": true,\n    \"training_iteration\": 36,\n    \"trial_id\": \"74a13_00000\",\n    \"date\": \"2026-02-22_20-01-03\",\n    \"time_this_iter_s\": 0.3626735210418701,\n    \"time_total_s\": 13.586025714874268,\n    \"pid\": 33116,\n    \"hostname\": \"DESKTOP-6E08LRQ\",\n    \"node_ip\": \"127.0.0.1\",\n    \"config\": {\n      \"SI_dropout\": false,\n      \"SI_exp_kernel\": 3,\n      \"SI_fixedScale\": 1,\n      \"SI_gen_fill\": 0,\n      \"SI_gen_final_activ\": null,\n      \"SI_gen_hidden_dim\": 15,\n      \"SI_gen_mult\": 3.3144387875060906,\n      \"SI_gen_neck\": \"medium\",\n      \"SI_gen_z_dim\": 1835,\n      \"SI_layer_norm\": \"group\",\n      \"SI_learnedScale_init\": 18.411171440894215,\n      \"SI_normalize\": false,\n      \"SI_output_scale_lr_mult\": 1.7607516297239543,\n      \"SI_pad_mode\": \"zeros\",\n      \"SI_skip_mode\": \"none\",\n      \"sup_base_criterion\": \"MSELoss\",\n      \"SI_stats_criterion\": -1,\n      \"SI_moment_1_fraction\": -1,\n      \"SI_alpha_min\": -1,\n      \"SI_half_life_examples\": -1,\n      \"batch_base2_exponent\": 6,\n      \"gen_b1\": 0.17828464968859092,\n      \"gen_b2\": 0.22254220083596676,\n      \"gen_image_channels\": 1,\n      \"gen_image_size\": 180,\n      \"gen_lr\": 0.00011584402663085701,\n      \"gen_sino_channels\": 3,\n      \"gen_sino_size\": 256,\n      \"network_type\": \"ACT\",\n      \"train_SI\": true\n    },\n    \"time_since_restore\": 13.586025714874268,\n    \"iterations_since_restore\": 36,\n    \"experiment_tag\": \"0\"\n  },\n  \"last_result_time\": 1771812063.7322235,\n  \"metric_analysis\": {\n    \"CUSTOM\": {\n      \"max\": 76480.890625,\n      \"min\": 1684.5416259765625,\n      \"avg\": 9652.490780300564,\n      \"last\": 2004.451171875,\n      \"last-5-avg\": 1984.7011962890624,\n      \"last-10-avg\": 2118.291223144531\n    },\n    \"example_num\": {\n      \"max\": 2304,\n      \"min\": 64,\n      \"avg\": 1184.0,\n      \"last\": 2304,\n      \"last-5-avg\": 2176.0,\n      \"last-10-avg\": 2016.0\n    },\n    \"batch_step\": {\n      \"max\": 36,\n      \"min\": 1,\n      \"avg\": 18.5,\n      \"last\": 36,\n      \"last-5-avg\": 34.0,\n      \"last-10-avg\": 31.5\n    },\n    \"epoch\": {\n      \"max\": 0,\n      \"min\": 0,\n      \"avg\": 0.0,\n      \"last\": 0,\n      \"last-5-avg\": 0.0,\n      \"last-10-avg\": 0.0\n    },\n    \"done\": {\n      \"max\": true,\n      \"min\": false,\n      \"avg\": 0.027777777777777776,\n      \"last\": true,\n      \"last-5-avg\": 0.2,\n     