epoch,batch_step,example_num,eval_split,MSE,SSIM,CUSTOM
1,279,279,training set,74.56986938370392,0.7726010413286986,344.1302490234375
1,279,279,holdout set,75.07070552966252,0.7830809012120881,351.90765380859375
1,279,279,QA set,140.44257354736328,0.7612487758908952,1165831.25
