epoch,batch_step,example_num,eval_split,MSE,SSIM,CUSTOM
1,558,558,training set,184.59121875413985,0.26482306380421505,421.26104736328125
1,558,558,holdout set,199.12497967621312,0.25760130048001884,468.2125244140625
2,1116,1116,training set,72.78860117087606,0.8139293388667284,236.0042724609375
2,1116,1116,holdout set,72.34151244579698,0.8143689680146053,259.0325012207031
