{"trial_data": [["{\n  \"stub\": false,\n  \"trainable_name\": \"run_trainable\",\n  \"trial_id\": \"ad265005\",\n  \"storage\": {\n    \"_type\": \"CLOUDPICKLE_FALLBACK\",\n    \"value\": \"800595d9020000000000008c1b7261792e747261696e2e5f696e7465726e616c2e73746f72616765948c0e53746f72616765436f6e746578749493942981947d94288c12637573746f6d5f66735f70726f766964656494898c136578706572696d656e745f6469725f6e616d65948c3b7365617263682d5245434f4e5f53494e4f5f49532d3332302d62696c696e6561722d323838783235372d70616453696e6f2d74756e65645353494d948c0e747269616c5f6469725f6e616d65948c0e747269616c5f6164323635303035948c1863757272656e745f636865636b706f696e745f696e646578944affffffff8c0b73796e635f636f6e666967948c097261792e747261696e948c0a53796e63436f6e6669679493942981947d94288c0b73796e635f706572696f64944d2c018c0c73796e635f74696d656f7574944d08078c0e73796e635f61727469666163747394898c1c73796e635f6172746966616374735f6f6e5f636865636b706f696e74948875628c1273746f726167655f66696c6573797374656d948c0b70796172726f772e5f6673948c1446696c6553797374656d2e5f66726f6d5f7572699493948c0966696c653a2f2f2f5f94859452948c0f73746f726167655f66735f70617468948c55433a2f55736572732f5065746572204c696e647374726f6d2f4465736b746f702f466c6578434e4e5f666f725f4d65646963616c5f506879736963732f70726f6a6563742f776f726b696e672f7365617263686573948c0673796e6365729468008c115f46696c6573797374656d53796e6365729493942981947d94286815681b68114d2c0168124d08078c116c6173745f73796e635f75705f74696d659447fff00000000000008c136c6173745f73796e635f646f776e5f74696d659447fff00000000000008c0d5f73796e635f70726f63657373944e8c0c5f63757272656e745f636d64944e75628c0a5f74696d657374616d70948c13323032362d30332d32325f31312d35332d31379475622e\"\n  },\n  \"config\": {\n    \"IS_gen_mult\": 2.768538102569627,\n    \"IS_gen_fill\": 0,\n    \"IS_gen_neck\": \"wide\",\n    \"IS_gen_z_dim\": 1744,\n    \"IS_pad_mode\": \"replicate\",\n    \"IS_dropout\": false,\n    \"IS_exp_kernel\": 3,\n    \"IS_gen_hidden_dim\": 22,\n    \"IS_skip_mode\": \"none\",\n    \"IS_stats_criterion\": -1,\n    \"IS_moment_1_fraction\": -1,\n    \"IS_alpha_min\": -1,\n    \"IS_half_life_examples\": -1,\n    \"IS_disc_hidden_dim\": 1,\n    \"IS_disc_patchGAN\": 1,\n    \"IS_disc_lr\": 1,\n    \"IS_disc_b1\": 1,\n    \"IS_disc_b2\": 1,\n    \"IS_disc_adv_criterion\": 1,\n    \"IS_normalize\": false,\n    \"IS_fixedScale\": 1,\n    \"IS_learnedScale_init\": 15.999881295474175,\n    \"IS_output_scale_lr_mult\": 3.6019842656702044,\n    \"IS_layer_norm\": \"group\",\n    \"IS_gen_final_activ\": \"ELU\",\n    \"batch_base2_exponent\": 6,\n    \"gen_lr\": 0.00044325797021906656,\n    \"gen_b1\": 0.10408388312945638,\n    \"gen_b2\": 0.21378297784990208,\n    \"sup_base_criterion\": \"L1Loss\",\n    \"SI_disc_hidden_dim\": 1,\n    \"SI_disc_patchGAN\": 1,\n    \"SI_disc_lr\": 1,\n    \"SI_disc_b1\": 1,\n    \"SI_disc_b2\": 1,\n    \"SI_disc_adv_criterion\": 1,\n    \"network_type\": \"RECON_SINO\",\n    \"train_SI\": false,\n    \"gen_image_size\": 180,\n    \"gen_sino_size\": 320,\n    \"gen_image_channels\": 1,\n    \"gen_sino_channels\": 3,\n    \"recon_variant\": 1,\n    \"frozen_variant\": \"RECON_SINO\"\n  },\n  \"_Trial__unresolved_config\": {\n    \"IS_gen_mult\": 2.768538102569627,\n    \"IS_gen_fill\": 0,\n    \"IS_gen_neck\": \"wide\",\n    \"IS_gen_z_dim\": 1744,\n    \"IS_pad_mode\": \"replicate\",\n    \"IS_dropout\": false,\n    \"IS_exp_kernel\": 3,\n    \"IS_gen_hidden_dim\": 22,\n    \"IS_skip_mode\": \"none\",\n    \"IS_stats_criterion\": -1,\n    \"IS_moment_1_fraction\": -1,\n    \"IS_alpha_min\": -1,\n    \"IS_half_life_examples\": -1,\n    \"IS_disc_hidden_dim\": 1,\n    \"IS_disc_patchGAN\": 1,\n    \"IS_disc_lr\": 1,\n    \"IS_disc_b1\": 1,\n    \"IS_disc_b2\": 1,\n    \"IS_disc_adv_criterion\": 1,\n    \"IS_normalize\": false,\n    \"IS_fixedScale\": 1,\n    \"IS_learnedScale_init\": 15.999881295474175,\n    \"IS_output_scale_lr_mult\": 3.6019842656702044,\n    \"IS_layer_norm\": \"group\",\n    \"IS_gen_final_activ\": \"ELU\",\n    \"batch_base2_exponent\": 6,\n    \"gen_lr\": 0.00044325797021906656,\n    \"gen_b1\": 0.10408388312945638,\n    \"gen_b2\": 0.21378297784990208,\n    \"sup_base_criterion\": \"L1Loss\",\n    \"SI_disc_hidden_dim\": 1,\n    \"SI_disc_patchGAN\": 1,\n    \"SI_disc_lr\": 1,\n    \"SI_disc_b1\": 1,\n    \"SI_disc_b2\": 1,\n    \"SI_disc_adv_criterion\": 1,\n    \"network_type\": \"RECON_SINO\",\n    \"train_SI\": false,\n    \"gen_image_size\": 180,\n    \"gen_sino_size\": 320,\n    \"gen_image_channels\": 1,\n    \"gen_sino_channels\": 3,\n    \"recon_variant\": 1,\n    \"frozen_variant\": \"RECON_SINO\"\n  },\n  \"evaluated_params\": {\n    \"IS_gen_mult\": 2.768538102569627,\n    \"IS_gen_fill\": 0,\n    \"IS_gen_neck\": \"wide\",\n    \"IS_gen_z_dim\": 1744,\n    \"IS_pad_mode\": \"replicate\",\n    \"IS_exp_kernel\": 3,\n    \"IS_gen_hidden_dim\": 22,\n    \"IS_skip_mode\": \"none\",\n    \"IS_learnedScale_init\": 15.999881295474175,\n    \"IS_output_scale_lr_mult\": 3.6019842656702044,\n    \"IS_layer_norm\": \"group\",\n    \"IS_gen_final_activ\": \"ELU\",\n    \"batch_base2_exponent\": 6,\n    \"gen_lr\": 0.00044325797021906656,\n    \"gen_b1\": 0.10408388312945638,\n    \"gen_b2\": 0.21378297784990208,\n    \"sup_base_criterion\": \"L1Loss\"\n  },\n  \"experiment_tag\": \"1_IS_alpha_min=-1,IS_disc_adv_criterion=1,IS_disc_b1=1,IS_disc_b2=1,IS_disc_hidden_dim=1,IS_disc_lr=1,IS_disc_patchGAN=1,IS_dropout=False,IS_exp_kernel=3,IS_fixedScale=1,IS_gen_fill=0,IS_gen_final_activ=ELU,IS_gen_hidden_dim=22,IS_gen_mult=2.7685,IS_gen_neck=wide,IS_gen_z_dim=1744,IS_half_life_examples=-1,IS_layer_norm=group,IS_learnedScale_init=15.9999,IS_moment_1_fraction=-1,IS_normalize=False,IS_output_scale_lr_mult=3.6020,IS_pad_mode=replicate,IS_skip_mode=none,IS_stats_criterion=-1,SI_disc_adv_criterion=1,SI_disc_b1=1,SI_disc_b2=1,SI_disc_hidden_dim=1,SI_disc_lr=1,SI_disc_patchGAN=1,batch_base2_exponent=6,frozen_variant=RECON_SINO,gen_b1=0.1041,gen_b2=0.2138,gen_image_channels=1,gen_image_size=180,gen_lr=0.0004,gen_sino_channels=3,gen_sino_size=320,network_type=RECON_SINO,recon_variant=1,sup_base_criterion=L1Loss,train_SI=False\",\n  \"stopping_criterion\": {},\n  \"_setup_default_resource\": true,\n  \"_default_placement_group_factory\": \"80054e2e\",\n  \"placement_group_factory\": \"800595ba000000000000008c237261792e74756e652e657865637574696f6e2e706c6163656d656e745f67726f757073948c15506c6163656d656e7447726f7570466163746f72799493942981947d94288c085f62756e646c6573945d947d94288c03435055944740000000000000008c0347505594473ff000000000000075618c155f686561645f62756e646c655f69735f656d70747994898c095f7374726174656779948c045041434b948c055f6172677394298c075f6b7761726773947d9475622e\",\n  \"log_to_file\": [\n    null,\n    null\n  ],\n  \"max_failures\": 0,\n  \"_default_result_or_future\": null,\n  \"export_formats\": [],\n  \"status\": \"PENDING\",\n  \"relative_logdir\": \"trial_ad265005\",\n  \"trial_name_creator\": null,\n  \"trial_dirname_creator\": {\n    \"_type\": \"CLOUDPICKLE_FALLBACK\",\n    \"value\": \"80059559000000000000008c3d466c6578434e4e5f666f725f4d65646963616c5f506879736963732e66756e6374696f6e732e6d61696e5f72756e5f66756e6374696f6e732e74756e65948c1373686f72745f747269616c5f6469726e616d659493942e\"\n  },\n  \"custom_trial_name\": null,\n  \"custom_dirname\": \"trial_ad265005\",\n  \"restore_path\": null,\n  \"_restore_checkpoint_result\": null,\n  \"_state_json\": null,\n  \"results\": \"80054e2e\",\n  \"extra_arg\": \"80054e2e\",\n  \"_resources\": \"80054e2e\"\n}", "{\n  \"start_time\": null,\n  \"num_failures\": 0,\n  \"num_failures_after_restore\": 0,\n  \"error_filename\": null,\n  \"pickled_error_filename\": null,\n  \"last_result\": {},\n  \"last_result_time\": -Infinity,\n  \"metric_analysis\": {},\n  \"_n_steps\": [\n    5,\n    10\n  ],\n  \"metric_n_steps\": {},\n  \"checkpoint_manager\": {\n    \"_type\": \"CLOUDPICKLE_FALLBACK\",\n    \"value\": 